"customer_segment","total_ltv","customer_count","avg_ltv","avg_ltv_percentage"
"3 -High-Value","135429277.30","12372","10946.43","0.78241822492532438060"
"2 - Mid-Value","66636451.87","24743","2693.14","0.19249762874977395392"
"1 - Low_Value","4341809.11","12372","350.94","0.02508414632490166549"
